food_name,serving_weight_g,energy_kcal,carbohydrate_g,sugar_g,fat_g,protein_g,calcium_mg,sodium_mg,potassium_mg,magnesium_mg,iron_mg,zinc_mg,cholesterol_mg,trans_fat_g,dm_score,htn_score,dl_score,obe_score,anem_score
쌀밥,210.0,334.8,73.71,0.0,0.45,5.76,3.6,59.4,146.7,,0.36,1.35,0.0,0.0,88.3,100.0,100.0,100.0,59.6
기타잡곡밥,200.0,302.362,65.5211,0.0,0.7462,6.7092,12.06,3.392,166.718,6.9,1.7447,1.8264,0.0,0.0,92.6,100.0,100.0,100.0,73.8
콩밥,200.0,322.9,65.846,0.0,1.666,8.428,24.7,4.1,258.4,22.5,1.74,1.61,0.0,0.0,93.5,100.0,100.0,100.0,74.9
보리밥,200.0,316.1,70.57,0.0,0.14,5.55,6.7,4.5,100.6,0.0,1.26,1.41,0.0,0.0,89.7,100.0,100.0,100.0,67.6
돌솥밥,350.0,528.855,101.85,0.0,8.347,10.187,61.455,618.315,624.32,57.785,3.321,2.582,2.365,0.0,76.2,100.0,100.0,92.0,93.9
현미밥,230.0,351.35,77.8771,0.0,1.1021,6.6576,6.006,42.079,209.326,0.0,1.0507,1.6518,0.0,0.0,86.6,100.0,100.0,100.0,66.9
흑미밥,200.0,318.0,70.29,0.0,0.39,5.44,6.3,4.5,112.9,0.0,1.29,1.35,0.0,0.0,89.8,100.0,100.0,100.0,67.6
감자밥,200.0,308.0,68.64,0.0,0.08,5.68,6.4,5.2,267.6,9.2,1.36,1.4,0.0,0.0,91.0,100.0,100.0,100.0,68.9
곤드레밥,350.0,506.8,108.052,0.0,8.372,14.14,30.324,88.753,815.9235,22.4,1.876,1.778,0.0,0.0,73.7,100.0,100.0,94.0,79.3
김치볶음밥,500.0,656.98,79.29,3.996,5.06,8.74,35.89,1094.91,305.71,1.92,1.06,1.85,76.0,0.0,78.2,82.3,100.0,85.7,68.7
주먹밥,150.0,209.56,36.18,0.0,3.463,6.703,85.432,329.69,179.326,0.0,0.697,0.804,50.13,0.0,100.0,100.0,100.0,100.0,61.6
볶음밥,400.0,687.744,100.328,0.0,19.29,24.458,58.42,1441.42,578.88,14.98,3.294,3.445,309.0,0.0,70.5,71.8,75.5,84.6,98.8
일반비빔밥,500.0,702.996,95.6834,3.44,25.2839,22.5951,96.796,1234.088,742.508,55.8,4.7544,4.1598,40.2,0.0,72.5,89.7,96.2,79.5,100.0
전주비빔밥,450.0,662.192,92.9895,3.44,13.0335,15.8435,65.04,1281.302,450.114,10.839,3.235,2.8635,286.943,0.0,73.0,75.4,79.9,85.5,94.1
삼선볶음밥,400.0,683.617,113.4285,5.094,16.8425,19.2585,119.373,1155.806,640.973,29.67,4.524,3.5695,119.13,0.0,66.7,90.0,99.0,82.0,100.0
새우볶음밥,400.0,634.52,91.62,0.0,17.905,24.115,81.82,1124.628,710.655,17.68,4.1457,2.8176,127.2,0.0,77.8,91.7,98.9,90.5,100.0
알밥,400.0,606.54,92.1,0.0,3.45,15.16,68.6,1647.866,510.41,7.4,3.56,3.3,39.0,0.0,73.1,70.1,100.0,89.5,95.2
산채비빔밥,400.0,495.89,89.6602,0.52,10.9936,10.6633,63.1,1060.778,509.952,38.808,3.5263,2.0534,0.0,0.0,80.9,92.2,100.0,96.4,93.6
오므라이스,450.0,684.986,101.6212,0.0,19.7516,23.1453,81.556,1123.236,788.378,33.71,4.1326,3.666,605.625,0.0,71.9,87.2,70.1,83.8,100.0
육회비빔밥,450.0,661.41,91.7422,2.58,17.5396,32.0013,86.38,1126.6,793.74,33.58,5.9683,6.5294,241.65,0.0,79.1,89.2,86.2,90.5,100.0
해물볶음밥,400.0,659.23,85.1922,0.0,23.7096,22.6813,77.5,951.03,555.36,24.2,4.1283,3.0794,362.4,0.0,79.5,89.9,68.1,85.4,100.0
열무비빔밥,400.0,445.66,90.0322,1.72,3.1596,12.9913,91.06,718.39,708.68,1.29,3.9083,2.6522,12.8,0.0,82.7,100.0,100.0,100.0,97.8
불고기덮밥,500.0,699.96,92.0922,5.99,21.3996,29.3113,45.77,1182.88,764.5,30.22,4.2483,8.7722,72.0,0.0,75.6,88.6,99.8,85.1,100.0
소고기국밥,700.0,331.71,54.93,0.0,4.74,16.04,33.02,1613.21,485.21,,3.61,2.31,25.5,0.0,95.6,69.5,100.0,100.0,94.0
송이덮밥,600.0,600.42,103.57,0.0,14.45,16.28,91.94,1578.85,1313.48,,5.71,4.25,9.54,0.0,68.4,76.8,100.0,88.6,99.6
오징어덮밥,500.0,693.98,83.428,2.688,20.92,40.59,76.77,1497.37,874.96,62.69,3.227,4.626,387.6,0.0,80.8,75.8,70.3,87.4,100.0
자장밥,500.0,729.617,98.078,4.0,24.95,25.758,81.905,1521.85,781.93,32.504,5.701,5.682,36.0,0.0,69.1,77.3,96.3,78.5,100.0
잡채밥,650.0,851.54,125.7,4.0,28.61,21.14,84.11,2251.34,817.08,32.55,4.83,5.896,36.0,0.0,55.7,57.8,90.5,61.3,100.0
잡탕밥,750.0,737.23,100.55,0.0,22.48,29.02,77.6,1922.135,803.73,15.65,4.86,6.224,188.05,0.0,67.3,60.0,87.7,80.3,100.0
장어덮밥,400.0,671.72,103.0364,0.0,19.2362,26.1358,611.12,893.22,785.08,28.6,22.1656,4.746,156.96,0.0,73.5,100.0,94.4,85.9,100.0
제육덮밥,500.0,796.94,95.8,5.4,27.52,37.8,46.04,1375.69,624.95,,6.28,7.17,108.0,0.0,67.2,75.9,92.9,73.6,100.0
짬뽕밥,900.0,696.6878,93.4157,0.0,22.417,41.7955,394.1658,2869.5354,1715.5211,,11.5912,5.5697,304.3,0.0,71.6,57.6,74.8,84.7,100.0
순대국밥,900.0,690.35,34.229,0.0,16.478,17.338,132.855,3418.195,672.91,3.45,9.11,6.622,1480.97,0.0,91.7,55.7,71.1,88.3,96.8
카레라이스,500.0,653.24,92.576,0.0,10.667,13.398,27.9,1108.55,525.62,70.18,1.982,2.655,13.75,0.0,76.1,90.7,100.0,85.4,84.6
전주콩나물국밥,900.0,432.38,88.732,0.0,3.525,12.496,76.88,1753.255,525.79,67.79,2.384,2.368,2.77,0.0,81.1,70.9,100.0,100.0,84.5
해물덮밥,700.0,837.976,100.112,0.0,29.0,51.768,167.536,2117.832,1361.768,34.8,16.632,5.856,293.872,0.0,63.0,55.6,68.8,68.9,100.0
회덮밥,500.0,697.996,101.753,18.405,11.397,42.992,117.12,777.63,1131.35,6.98,3.9,2.672,125.59,0.0,60.4,100.0,100.0,81.5,100.0
소머리국밥,1100.0,891.43,77.058,0.0,40.762,48.943,53.255,970.895,455.78,24.665,1.891,4.22,477.1,0.0,71.7,80.7,53.5,60.7,90.8
돼지국밥,1200.0,811.44,78.284,3.3,36.453,56.755,65.73,1257.67,497.83,57.14,42.954,43.665,734.5,0.0,75.1,76.1,58.0,69.2,100.0
하이라이스,360.0,477.6,84.591,0.0,9.669,7.92,5.94,991.68,251.61,6.6,0.546,1.506,8.574,0.0,82.2,85.6,100.0,97.6,63.1
김치김밥,250.0,377.262,71.804,0.0,4.62,11.449,79.06,967.79,413.86,3.6,1.462,1.957,99.6,0.0,90.0,91.6,100.0,100.0,73.9
농어초밥,250.0,414.78,74.144,6.972,2.367,19.925,54.125,1385.46,479.7,0.0,1.5765,1.6655,43.47,0.0,87.0,77.8,100.0,100.0,77.4
문어초밥,250.0,377.97,71.835,4.98,1.03,16.904,30.2,1420.922,395.09,25.75,1.113,2.523,96.0,0.0,90.0,75.7,100.0,100.0,75.3
새우초밥,250.0,395.54,69.543,2.988,1.206,22.737,73.39,1396.751,372.745,2.6,2.619,2.169,138.33,0.0,91.9,74.8,99.2,100.0,89.4
새우튀김롤,300.0,572.016,81.496,3.996,18.896,21.112,110.82,1512.501,715.82,0.24,3.416,2.492,96.54,0.0,81.2,79.5,100.0,95.0,95.8
샐러드김밥,250.0,422.434,75.8415,0.0,7.508,12.764,45.6585,906.6775,541.328,13.7375,2.147,2.2405,100.5305,0.0,89.2,96.2,100.0,100.0,81.8
광어초밥,300.0,471.664,72.526,5.229,3.206,33.7415,88.071,951.2755,747.0895,1.4,2.956,1.943,126.495,0.0,93.6,97.7,100.0,100.0,96.1
소고기김밥,250.0,425.666,76.0705,0.0,6.636,14.671,64.3295,1477.9845,553.997,12.5195,2.2725,2.6055,99.8725,0.0,86.7,77.2,100.0,100.0,83.6
갈비삼각김밥,100.0,183.18,32.746,0.0,2.595,6.861,14.925,398.119,180.594,4.932,1.159,1.172,12.42,0.0,100.0,100.0,100.0,100.0,66.9
연어롤,300.0,518.58,76.107,0.0,14.719,20.723,64.973,1243.818,665.561,23.577,3.833,2.139,51.732,0.0,87.6,88.4,100.0,100.0,100.0
연어초밥,250.0,451.029,70.868,3.964,5.763,24.94,38.0255,995.03,476.129,0.796,1.687,1.874,54.6,0.0,93.7,90.7,100.0,100.0,82.3
유부초밥,250.0,463.21,78.474,6.765,11.232,12.366,120.18,929.066,291.498,27.276,2.108,2.137,0.0,0.0,86.1,92.8,100.0,100.0,81.7
장어초밥,400.0,486.3484,74.8405,2.0595,12.7349,16.325,132.8281,1291.8051,500.6418,14.5475,2.5158,2.3944,130.4272,0.0,87.5,83.5,99.1,100.0,86.9
참치김밥,250.0,401.224,47.553,0.0,14.587,19.825,57.805,925.731,380.325,15.63,4.523,1.9622,143.67,0.0,100.0,91.4,98.1,100.0,100.0
참치마요삼각김밥,100.0,189.582,31.934,0.0,2.889,8.11,6.98,189.1,69.275,0.0,1.591,0.7718,16.63,0.0,100.0,100.0,100.0,100.0,70.0
치즈김밥,250.0,462.2269,77.125,0.0,8.843,17.1226,137.5233,919.9703,445.7231,10.18,1.4263,2.53,83.02,0.0,89.1,95.8,100.0,100.0,78.3
캘리포니아롤,300.0,468.16,81.22,0.0,9.73,12.8,106.58,1351.96,271.15,3.06,4.95,3.08,28.34,0.0,83.5,75.9,100.0,100.0,98.9
한치초밥,250.0,389.96,77.31,1.74,1.2,13.54,19.98,1153.49,182.25,1.65,1.86,2.54,0.75,0.0,87.0,78.6,100.0,100.0,79.9
일반김밥,200.0,348.87,63.636,0.0,5.424,10.276,41.45,951.32,355.38,3.24,3.398,1.906,69.12,0.0,93.5,89.9,100.0,100.0,90.1
간자장,650.0,807.7368,121.748,6.7932,26.3806,29.2832,124.3488,2347.7712,607.1768,21.248,7.06,2.6116,19.4344,0.0,57.8,57.3,94.3,69.4,100.0
굴짬뽕,900.0,640.774,115.816,1.998,7.759,37.39,196.77,2385.345,1371.885,48.86,14.281,10.337,178.2,0.0,68.6,65.0,95.6,88.3,100.0
기스면,1000.0,645.61,98.302,0.0,11.004,43.517,270.98,2279.524,862.721,11.6,12.271,3.133,341.1,0.0,72.3,59.6,76.1,90.7,100.0
김치라면,650.0,512.2552,80.5656,2.273,20.3385,12.9707,62.7022,2628.288,652.6682,1.495,1.8239,1.2967,15.405,0.0,79.9,60.6,98.8,95.8,71.0
김치우동,800.0,512.712,99.064,0.0,4.736,16.744,247.856,3003.048,725.528,11.2,4.144,1.76,33.44,0.0,72.9,65.7,100.0,95.8,93.6
김치말이국수,600.0,310.377,60.756,2.997,2.469,10.418,105.79,2335.448,453.957,,2.426,1.434,22.23,0.0,90.5,57.4,100.0,100.0,75.5
닭칼국수,900.0,643.097,70.238,0.0,19.587,39.859,110.155,2492.774,913.479,5.775,2.451,1.637,113.772,0.0,85.1,61.7,100.0,94.1,86.1
들깨칼국수,600.0,442.322,76.674,2.398,6.778,17.477,176.467,1695.773,693.312,0.0,2.452,1.075,16.72,0.0,85.6,74.7,100.0,100.0,81.0
떡라면,700.0,672.18,121.083,0.0,17.579,15.451,30.33,2214.356,362.51,0.515,1.594,1.3486,2.344,0.0,61.7,51.8,100.0,80.4,71.1
라면,550.0,509.328,83.168,0.0,17.748,14.077,32.993,1695.501,374.069,0.97,1.226,1.191,2.344,0.0,79.7,64.4,100.0,97.6,68.9
막국수,550.0,566.886,111.302,11.022,5.0875,26.9485,68.896,1828.021,894.768,19.55,3.9275,5.231,37.1,0.0,63.1,68.9,100.0,92.8,100.0
메밀국수,600.0,588.675,120.087,10.162,4.527,25.259,76.058,1962.458,629.124,11.48,3.212,4.64,35.98,0.0,62.4,62.4,100.0,89.8,96.1
물냉면,800.0,579.71,96.403,1.199,9.779,28.784,87.735,2586.1597,1042.885,16.39,7.771,5.6895,178.225,0.0,75.3,61.3,95.4,95.3,100.0
비빔국수,550.0,577.17,114.475,11.015,9.55,16.705,130.69,1628.3,1389.395,7.55,6.27,2.59,0.0,0.0,60.4,76.5,100.0,88.1,98.9
비빔냉면,550.0,594.31,91.492,1.999,9.128,23.699,64.99,1530.57,298.62,12.314,6.434,4.632,31.731,0.0,76.9,69.9,100.0,93.3,100.0
삼선우동,1000.0,692.26,89.195,1.999,10.528,56.1725,216.64,2351.4322,1527.995,68.7435,11.293,5.4695,640.675,0.0,77.3,62.0,74.1,88.7,100.0
삼선자장면,700.0,787.844,111.57,1.999,24.682,38.326,143.37,2791.1097,850.27,41.696,6.669,3.563,162.24,0.0,61.8,59.9,88.4,73.8,100.0
삼선짬뽕,900.0,629.1,89.311,2.997,13.452,39.17,172.14,2825.66,1501.78,,9.819,4.368,249.3,0.0,76.6,59.8,87.1,93.2,100.0
수제비,800.0,622.148,99.217,0.0,6.541,38.529,1054.841,1669.3157,1892.553,46.05,11.102,4.708,209.0,0.0,74.7,76.0,91.9,92.2,100.0
쌀국수,600.0,321.335,46.198,2.198,5.814,21.848,45.016,2032.165,360.686,48.04,3.205,4.894,123.03,0.0,100.0,56.3,100.0,100.0,95.9
열무김치국수,800.0,488.324,81.612,0.0,8.223,21.936,341.36,2587.704,1125.83,1.15,4.448,1.7318,45.144,0.0,82.7,65.1,100.0,100.0,95.6
오일소스스파게티,400.0,626.585,99.244,0.0,16.585,14.675,37.37,968.696,218.39,0.0,3.007,2.3465,0.0,0.0,72.1,85.4,100.0,86.8,89.9
일식우동,700.0,420.793,81.226,0.5,1.739,16.935,88.548,1873.544,371.349,9.342,3.173,0.708,16.202,0.0,83.2,60.1,100.0,100.0,85.8
볶음우동,300.0,377.92,62.259,0.9084,10.81,9.585,50.25,1461.31,637.56,5.73,2.073,1.019,0.0,0.0,91.5,78.8,100.0,100.0,74.8
자장면,650.0,760.8828,134.2891,7.992,23.1648,15.7396,166.6959,2446.9964,1013.844,37.456,5.3253,1.4068,3.08,0.0,56.3,62.5,95.1,69.1,93.5
잔치국수,700.0,564.234,104.665,0.44,6.226,20.262,250.382,1792.226,904.123,3.553,3.773,1.903,167.409,0.0,69.2,70.7,95.3,92.3,95.9
짬뽕,1000.0,650.306,118.544,0.0,13.525,25.525,82.741,3451.368,857.443,32.8,4.605,3.555,105.225,0.0,66.4,62.7,100.0,85.7,100.0
짬뽕라면,750.0,633.34,88.792,0.0,24.628,31.408,127.96,2380.926,1279.06,,11.156,3.84,85.28,0.0,75.1,62.4,99.0,88.5,100.0
쫄면,450.0,622.419,110.852,22.13,6.932,12.358,140.025,1271.545,547.135,19.64,4.192,1.455,0.0,0.0,48.8,85.9,100.0,77.6,95.7
치즈라면,600.0,598.674,83.534,0.0,23.282,23.347,152.409,2425.97,652.327,,3.056,2.993,302.2,0.0,77.4,57.8,74.5,90.5,91.4
콩국수,800.0,623.5,67.116,0.999,20.433,47.802,227.94,875.8391,1343.71,0.0,8.58,5.327,0.0,0.0,91.5,100.0,100.0,95.4,100.0
크림소스스파게티,400.0,825.0615,85.876,0.0,45.3969,19.4428,233.3296,1025.2077,916.2121,,3.2619,2.5522,140.1455,0.0,64.2,91.9,75.5,57.5,95.1
토마토소스스파게티,500.0,642.1776,102.072,0.0,17.3664,20.2224,97.176,1404.8112,1651.296,,5.0928,3.3888,12.648,0.0,69.6,81.8,100.0,87.1,100.0
해물칼국수,900.0,621.1974,124.2099,0.0,4.0107,24.8733,150.0489,2195.0535,887.2173,,10.5444,2.1228,156.774,0.0,65.9,61.8,97.3,86.7,99.0
회냉면,550.0,638.902,131.8955,22.7287,8.778,20.218,122.045,1524.2755,1374.1475,,6.094,3.1405,92.895,0.0,47.7,78.4,100.0,75.7,100.0
떡국,800.0,714.9869,144.0299,0.0,5.3867,21.8622,222.523,2019.2821,610.3986,,4.5152,4.1334,90.802,0.0,62.0,60.2,100.0,78.0,100.0
떡만둣국,700.0,625.347,113.9604,0.0,9.3978,22.7217,150.6477,1999.1163,949.8609,,3.7605,3.2361,298.8114,0.0,65.2,58.2,79.9,87.3,98.9
짜장라면,250.0,409.375,63.775,0.0,14.85,12.0125,63.625,1276.375,490.25,,1.625,0.835,1.5,0.0,92.2,82.0,100.0,100.0,72.1
고기만두,250.0,454.385,55.325,0.0,18.245,18.6575,121.6375,888.8,767.3375,,4.19,3.09,21.0,0.0,99.6,100.0,100.0,100.0,100.0
군만두,250.0,684.42,76.17,0.0,31.175,19.7725,53.3775,983.7025,595.0325,,4.85,2.6575,36.0,0.0,78.4,91.9,92.4,78.9,100.0
김치만두,250.0,424.6424,60.7932,0.0,13.0962,18.4314,91.7306,961.974,1181.7676,,5.5406,2.8158,20.28,0.0,96.8,98.0,100.0,100.0,100.0
물만두,120.0,158.0526,20.4849,0.0,5.842,5.8581,27.6023,269.5197,259.7091,,1.4214,0.7866,7.59,0.0,100.0,100.0,100.0,100.0,67.5
만둣국,700.0,432.621,53.277,0.0,14.924,19.243,163.289,2356.669,1202.838,,5.033,2.135,94.22,0.0,96.3,64.1,100.0,100.0,95.5
게살죽,800.0,554.238,103.5906,0.0,7.626,18.1466,159.9984,1533.9576,857.064,,7.4948,3.3046,40.8688,0.0,70.7,80.0,100.0,92.5,100.0
깨죽,800.0,505.6775,71.131,0.0,18.9406,13.4294,407.8786,1212.2731,186.5923,,6.3163,5.0713,0.0,0.0,87.6,81.1,99.8,98.8,99.7
닭죽,1000.0,1181.71,92.53,0.0,48.18,75.93,116.55,789.79,1290.97,,9.84,5.55,271.44,0.0,61.7,90.2,53.7,45.4,100.0
소고기버섯죽,800.0,573.2374,102.9346,0.0,6.4616,20.5246,31.2502,1263.62,504.505,,2.1976,4.3296,29.315,0.0,72.3,81.9,100.0,92.0,87.2
어죽,800.0,559.2741,90.4673,0.0,6.0753,15.5309,368.7915,1621.2897,450.2113,,4.8279,3.1262,75.768,0.0,75.4,72.7,100.0,93.3,99.0
잣죽,700.0,872.608,153.7851,0.0,20.2943,15.7919,15.3296,850.6253,296.542,,4.2277,4.5225,0.0,0.0,59.8,84.4,94.4,63.0,100.0
전복죽,800.0,587.2914,105.0365,0.0,11.454,14.5748,75.2312,1423.9314,405.9032,,2.3157,2.5315,45.152,0.0,68.5,75.4,100.0,88.7,83.4
참치죽,800.0,658.4604,105.9396,0.0,13.8528,26.0832,63.7806,1264.146,851.6508,,4.9842,2.5428,40.755,0.0,69.6,85.4,100.0,87.2,100.0
채소죽,800.0,514.8324,100.7952,0.0,5.1294,11.8939,227.2623,1211.634,1377.634,,2.7307,2.5149,24.2858,0.0,73.2,92.1,100.0,93.7,86.5
팥죽,600.0,482.652,100.74,4.794,0.564,20.592,90.996,1026.114,940.818,,6.03,5.154,0.0,0.0,77.5,95.8,100.0,99.0,100.0
호박죽,600.0,430.326,111.408,25.776,0.72,8.112,18.174,911.718,1858.902,,1.98,2.58,0.0,0.0,50.8,97.9,99.8,86.5,78.2
콘스프,400.0,280.482,35.372,0.0,14.016,5.822,,1319.462,,,,,40.706,0.0,99.0,68.4,100.0,100.0,52.4
토마토스프,400.0,382.412,12.418,0.0,25.402,18.2,,1544.308,,,,,70.8,0.0,99.3,60.7,96.5,100.0,57.7
굴국,450.0,194.4225,11.4435,0.0,8.649,22.8015,270.9675,1775.97,759.15,,5.724,13.6125,45.0,0.0,100.0,72.7,100.0,100.0,100.0
김치국,450.0,85.9995,13.005,0.0,3.375,6.0345,111.348,1646.1495,580.185,,1.917,1.1745,0.0,0.0,97.4,72.4,100.0,100.0,71.1
달걀국,450.0,193.041,5.3505,0.0,11.1105,16.1865,65.7495,1263.9645,229.572,,2.0835,1.809,641.25,0.0,100.0,71.9,72.7,100.0,80.9
감자국,700.0,220.073,37.009,0.0,2.163,16.996,466.578,1734.152,1855.315,,5.334,2.695,87.78,0.0,99.9,74.1,100.0,100.0,98.5
미역국,500.0,50.165,4.695,0.0,4.35,2.7,112.695,1527.55,658.715,,1.11,0.445,0.0,0.0,97.1,78.2,100.0,100.0,60.9
바지락조개국,550.0,159.247,8.5085,0.0,1.8425,25.828,168.949,1650.847,580.063,,29.4635,2.299,145.2,0.0,100.0,72.5,98.9,100.0,100.0
소고기무국,400.0,125.224,8.136,0.0,4.716,13.512,60.644,1095.184,662.832,,3.988,1.712,28.56,0.0,100.0,91.8,100.0,100.0,96.2
소고기미역국,650.0,154.9275,6.9095,0.0,6.825,20.228,123.383,2006.875,912.73,,3.5685,6.0645,41.34,0.0,100.0,63.1,100.0,100.0,96.0
순대국,800.0,550.664,22.816,0.0,32.936,41.224,125.032,1532.592,592.344,,10.792,4.416,774.768,0.0,96.7,71.9,63.8,92.6,100.0
어묵국,600.0,252.09,37.164,0.0,4.206,22.854,599.25,2022.744,1696.266,,6.774,2.772,100.368,0.0,100.0,65.0,100.0,100.0,100.0
오징어국,500.0,169.035,10.595,0.0,2.355,27.74,81.87,1573.42,810.71,,2.345,2.745,296.4,0.0,100.0,71.8,81.1,100.0,90.2
토란국,250.0,462.97,85.16,0.0,7.0725,23.8875,318.3475,700.67,2625.185,,5.645,2.6925,37.725,0.0,87.4,100.0,100.0,100.0,100.0
탕국,250.0,94.2375,2.575,0.0,4.32,12.0775,286.0475,663.0475,250.6125,,3.5975,1.27,35.475,0.0,100.0,100.0,100.0,100.0,90.9
홍합미역국,650.0,168.883,14.131,0.0,6.4285,19.9875,289.38,2066.272,1549.6845,,11.0955,3.0095,79.625,0.0,100.0,65.0,100.0,100.0,99.4
황태해장국,600.0,184.224,6.39,0.0,7.218,25.212,156.402,1526.82,661.332,,2.19,1.002,91.608,0.0,100.0,79.3,100.0,100.0,83.1
근대된장국,450.0,109.2645,8.136,0.0,3.213,15.309,621.1035,1453.194,1211.004,,6.12,2.367,112.86,0.0,100.0,83.5,100.0,100.0,97.9
미소된장국,150.0,37.9665,1.695,0.0,1.746,4.1385,98.5845,511.98,156.7305,,1.3785,0.5415,15.675,0.0,100.0,100.0,100.0,100.0,65.6
배추된장국,700.0,121.534,11.039,0.0,3.626,13.958,103.803,2321.48,771.841,,3.528,4.543,25.97,0.0,98.7,62.6,100.0,100.0,91.2
뼈다귀해장국,1000.0,715.98,29.71,0.0,45.37,53.63,239.71,3093.6,1676.56,,5.57,5.22,216.24,0.0,85.7,59.2,70.6,72.2,100.0
선지(해장)국,1000.0,314.42,22.29,0.0,5.03,48.1,84.31,3053.19,684.1,,106.24,13.76,149.6,0.0,100.0,60.5,99.0,100.0,100.0
콩나물국,400.0,22.53,1.261,0.0,1.422,1.822,33.49,752.425,82.798,8.515,0.479,0.25,7.41,0.0,100.0,91.0,100.0,100.0,56.2
시금치된장국,400.0,121.448,9.896,0.0,3.388,16.688,624.972,1381.248,1324.58,,7.276,2.596,117.04,0.0,100.0,85.8,100.0,100.0,99.5
시래기된장국,450.0,99.1215,10.683,0.0,2.5425,10.017,392.8275,1535.6295,484.551,,4.401,1.9755,37.62,0.0,99.0,76.3,100.0,100.0,93.9
쑥된장국,450.0,117.315,17.1655,0.0,2.552,13.211,502.7385,1799.6,1434.719,,5.9455,1.826,68.97,0.0,98.5,71.9,100.0,100.0,94.0
아욱된장국,450.0,103.527,9.963,0.0,2.9385,11.997,292.986,1462.1265,850.8285,,4.1355,1.8225,37.62,0.0,99.9,83.5,100.0,100.0,94.8
우거지된장국,450.0,85.9725,13.716,0.0,1.8135,6.444,89.3025,1593.99,611.8425,,1.5075,1.4355,0.0,0.0,97.7,74.3,100.0,100.0,68.6
우거지해장국,600.0,158.496,14.8564,0.0,5.7252,14.1856,103.792,1972.088,664.716,,3.2396,2.4492,13.26,0.0,98.8,62.8,100.0,100.0,88.8
우렁된장국,500.0,245.275,21.19,0.0,7.05,24.72,2105.3,2150.425,745.05,,11.11,5.035,22.95,0.0,100.0,65.0,100.0,100.0,100.0
갈비탕,600.0,240.396,8.208,0.0,14.334,18.672,55.314,1688.43,556.914,,2.64,4.062,189.84,0.0,100.0,66.8,92.3,100.0,88.4
감자탕,900.0,963.7085,49.6375,0.9006,58.2825,60.553,628.482,2439.3815,2414.9,,6.688,8.075,143.6875,0.0,75.9,54.8,67.8,47.6,100.0
곰탕,300.0,181.416,15.498,0.0,5.436,16.593,43.095,713.643,425.652,,3.885,1.971,33.66,0.0,100.0,99.4,100.0,100.0,97.5
매운탕,600.0,402.792,18.828,1.548,21.564,37.164,118.302,2130.954,1522.5,,3.33,2.616,148.77,0.0,100.0,61.7,95.0,100.0,97.2
꼬리곰탕,700.0,750.6948,10.9344,0.0,52.8027,54.8663,96.7748,764.7313,817.9561,,6.3851,12.2409,361.2305,0.0,88.0,96.1,49.1,64.6,100.0
꽃게탕,600.0,240.654,20.772,0.0,5.49,31.704,273.966,2268.858,1369.602,,8.64,8.322,207.9,0.0,100.0,62.3,92.1,100.0,100.0
낙지탕,600.0,186.102,11.766,0.0,2.73,29.214,102.324,1711.122,910.296,,3.264,4.494,249.6,0.0,100.0,68.7,86.9,100.0,99.0
내장탕,700.0,549.808,13.699,0.0,31.507,56.973,268.478,2383.073,1241.548,,12.922,14.231,467.04,0.0,95.8,60.0,64.7,93.6,100.0
닭곰탕,650.0,527.7025,15.392,0.0,24.141,58.877,119.6065,1005.186,1691.625,,11.648,6.8315,230.49,0.0,100.0,93.9,83.6,100.0,100.0
닭볶음탕,300.0,371.811,19.173,2.016,17.319,33.846,39.84,1030.455,638.994,,2.736,4.167,119.25,0.0,100.0,92.5,100.0,100.0,96.9
지리탕,600.0,260.5915,10.5235,0.0,8.359,38.3435,199.8425,1685.164,1581.45,,2.5805,1.8655,154.154,0.0,100.0,74.5,98.5,100.0,90.5
도가니탕,800.0,563.648,5.584,0.0,34.768,54.6,59.712,599.272,725.608,,5.44,13.28,192.64,0.0,99.3,100.0,81.5,90.4,100.0
삼계탕,1000.0,881.3245,44.08,0.0,40.5745,76.646,58.9665,1211.3165,439.9165,,5.2725,9.614,285.0,0.0,84.7,71.4,61.7,63.4,100.0
설렁탕,600.0,422.76,10.938,0.0,18.204,52.71,86.91,725.16,432.48,,4.104,22.224,219.36,0.0,100.0,97.3,88.7,100.0,100.0
알탕,700.0,424.125,49.5225,14.85,6.9795,49.2075,114.426,2393.286,1469.8035,,7.3395,3.9465,610.7985,0.0,91.1,57.9,75.0,100.0,100.0
연포탕,1000.0,541.19,21.64,0.0,9.2,91.65,366.68,2307.07,2367.6,,33.14,10.65,844.0,0.0,100.0,60.0,75.0,100.0,100.0
오리탕,600.0,480.822,24.156,1.032,21.636,43.212,89.1,1849.926,810.858,,7.434,5.196,161.7,0.0,100.0,65.8,93.4,100.0,100.0
추어탕,700.0,338.667,24.416,1.806,11.508,37.366,1598.499,2077.152,906.871,,24.703,6.797,298.48,0.0,100.0,60.0,81.2,100.0,100.0
해물탕,600.0,272.262,19.584,1.548,3.384,41.742,233.742,2071.986,1218.54,,8.022,7.884,350.22,0.0,100.0,60.0,75.0,100.0,100.0
닭개장,700.0,317.0704,19.1828,0.0,14.9464,33.7416,87.8492,1786.0336,1057.8692,,5.372,4.7328,96.9,0.0,100.0,69.6,100.0,100.0,100.0
육개장,440.0,137.8564,11.6223,0.0,5.8672,13.4387,61.9039,1112.7844,719.3267,,4.1287,2.052,24.225,0.0,100.0,92.0,100.0,100.0,97.2
뼈해장국,1000.0,692.93,25.42,0.0,37.16,67.92,564.57,3192.46,1299.07,,33.51,13.37,634.2,0.0,89.2,57.7,60.2,79.4,100.0
미역오이냉국,450.0,77.346,19.7415,8.991,1.3545,5.607,214.695,1483.6005,1520.118,,2.772,1.224,0.0,0.0,94.1,82.8,100.0,100.0,79.1
고등어찌개,600.0,605.31,32.034,0.0,28.2,59.16,185.01,2599.71,2013.06,,8.448,4.23,206.64,0.0,95.1,61.8,84.0,91.8,100.0
꽁치찌개,300.0,356.634,14.478,0.7224,20.685,29.511,111.69,1296.33,705.666,,4.254,1.821,84.48,0.0,100.0,87.0,100.0,100.0,100.0
동태찌개,800.0,369.688,18.944,1.376,7.8,59.568,262.752,2487.544,1573.096,,4.744,2.392,292.656,0.0,100.0,60.2,81.9,100.0,100.0
부대찌개,600.0,525.984,46.806,0.0,28.482,27.714,140.646,2689.188,880.56,,4.05,3.906,42.96,0.0,96.2,63.5,96.2,96.6,100.0
된장찌개,400.0,147.064,15.976,0.0,5.268,11.708,112.692,2021.78,429.752,,1.932,1.616,0.0,0.0,98.1,57.0,100.0,100.0,73.6
청국장찌개,400.0,275.464,14.968,0.0,14.432,25.844,180.64,1839.752,947.12,,4.94,4.384,36.0,0.0,100.0,70.0,100.0,100.0,100.0
두부전골,500.0,315.11,16.195,0.86,19.15,29.145,365.91,1651.525,807.05,,6.065,3.345,0.0,0.0,100.0,77.0,100.0,100.0,100.0
곱창전골,600.0,532.65,26.886,0.0,34.728,38.346,331.71,1750.422,1145.13,,8.7,5.286,230.7,0.0,95.6,70.3,77.0,92.7,100.0
소고기전골,300.0,203.223,16.548,0.0,7.542,19.467,117.798,1090.149,690.666,,4.065,5.313,31.8,0.0,100.0,94.0,100.0,100.0,100.0
국수전골,400.0,643.16,66.928,3.996,22.388,45.292,81.6,1524.628,1539.3,,10.98,5.104,81.6,0.0,87.0,77.3,100.0,92.7,100.0
돼지고기김치찌개,400.0,246.288,9.328,0.0,18.256,15.5,136.712,1961.476,725.94,,2.48,2.136,25.3,0.0,99.1,64.7,100.0,100.0,82.0
버섯찌개,400.0,171.86,15.26,0.0,7.524,16.644,165.6,1267.812,735.96,,3.952,2.384,0.0,0.0,100.0,89.3,100.0,100.0,99.0
참치김치찌개,400.0,193.576,13.332,0.0,10.888,16.856,200.5,2604.452,795.12,,4.384,1.72,35.44,0.0,99.5,65.0,100.0,100.0,93.0
순두부찌개,400.0,198.468,8.78,0.0,14.032,14.716,135.172,1331.312,547.852,,2.808,1.556,6.6,0.0,100.0,83.1,100.0,100.0,85.5
콩비지찌개,400.0,248.664,24.516,0.0,12.808,15.964,136.412,1206.328,496.652,,5.052,1.892,27.06,0.0,100.0,86.3,100.0,100.0,98.0
햄김치찌개,300.0,190.4662,15.4367,0.0,10.6807,11.6261,116.5307,1527.8157,482.9312,,2.1402,1.6443,23.374,0.0,99.5,74.5,100.0,100.0,77.6
호박찌개,300.0,98.301,12.735,2.064,2.337,7.779,194.835,1028.145,652.005,,3.276,0.912,59.28,0.0,100.0,97.2,100.0,100.0,85.0
고추장찌개,500.0,263.4432,20.0832,0.0,12.3456,25.6176,498.0096,935.1456,863.4048,,5.9472,3.2112,48.1536,0.0,100.0,100.0,100.0,100.0,100.0
대구찜,500.0,372.68,26.425,0.0,8.43,54.08,223.85,1888.04,1899.74,,4.99,2.83,196.35,0.0,100.0,66.4,93.4,100.0,100.0
도미찜,100.0,126.312,0.756,0.0,3.684,21.006,41.55,882.04,420.22,3.24,1.098,0.794,191.25,0.0,100.0,91.4,92.6,100.0,72.4
문어숙회,80.0,67.488,0.1824,0.0,0.7296,14.136,28.32,222.832,273.752,,0.912,1.4592,116.736,0.0,100.0,100.0,100.0,100.0,68.9
아귀찜,400.0,310.696,17.588,0.0,6.676,48.848,161.732,1463.312,1467.528,,11.42,3.752,187.42,0.0,100.0,80.3,94.5,100.0,100.0
조기찜,100.0,185.252,1.813,0.3408,9.195,22.271,45.626,631.892,471.25,0.73,1.191,1.009,105.74,0.0,100.0,100.0,100.0,100.0,74.3
참꼬막,80.0,89.7672,4.9208,1.5984,2.1712,12.9832,101.7,400.228,329.7464,,6.128,2.1712,46.992,0.0,100.0,100.0,100.0,100.0,97.3
해물찜,500.0,397.375,36.02,0.0,8.935,50.275,264.585,2213.435,1440.41,,16.39,5.535,323.975,0.0,100.0,60.0,78.1,100.0,100.0
소갈비찜,250.0,500.4525,11.31,0.0,29.165,42.545,22.99,768.4225,749.0875,,3.6525,9.2125,141.825,0.0,100.0,100.0,91.1,98.8,100.0
돼지갈비찜,170.1,249.699,8.82,1.764,14.418,20.565,30.945,946.677,391.566,,1.104,2.688,70.38,0.0,100.0,90.4,100.0,100.0,77.1
돼지고기수육,300.0,1218.1856,8.6942,0.0,99.5164,61.4684,66.9001,389.5309,769.5208,,3.654,8.6217,191.4,0.0,83.0,100.0,59.0,45.0,100.0
찜닭,1500.0,1358.384,140.6418,57.524,36.5438,114.902,232.943,5290.091,2290.156,,9.7528,7.5336,341.64,0.0,17.5,50.0,47.5,27.5,100.0
족발,150.0,381.572,32.3,0.0,16.62,26.02,38.288,839.1449,338.544,,2.688,1.576,98.0,0.0,100.0,93.1,100.0,100.0,90.7
달걀찜,250.0,190.0,4.8075,0.0,10.9125,16.2025,89.2525,860.3175,229.5675,,2.0725,1.8075,634.57,0.0,100.0,86.3,72.7,100.0,81.1
닭갈비,300.0,562.104,24.543,3.513,28.887,52.296,99.261,975.549,1087.683,,4.17,5.676,224.1,0.0,100.0,94.6,81.4,94.5,100.0
닭꼬치,70.0,177.5053,12.8982,8.5827,7.896,12.3487,8.7465,287.2611,169.4098,,0.7469,1.2719,47.6,0.0,99.7,100.0,100.0,100.0,66.1
돼지갈비,100.0,248.5242,7.6005,5.0112,14.7006,19.9476,19.7316,344.8854,281.2194,,0.6867,2.5866,72.036,0.0,100.0,100.0,100.0,100.0,72.9
떡갈비,250.0,762.9875,26.6075,12.4875,51.575,43.085,26.175,838.8375,915.675,,3.2575,8.6575,157.5,0.0,79.9,95.1,72.7,63.1,100.0
불고기,150.0,386.7908,13.0548,1.0956,21.78,32.9032,62.315,632.5354,887.3326,,4.2328,8.3996,106.216,0.0,100.0,100.0,100.0,100.0,100.0
소곱창구이,150.0,639.1095,6.507,0.0,51.708,35.616,87.1575,332.718,566.4315,,8.8215,4.9245,652.5,0.0,91.7,100.0,52.1,73.5,100.0
소양념갈비구이,300.0,986.9166,27.7448,14.3075,66.4753,61.9707,79.5704,1272.3439,1325.373,,5.5667,12.3251,220.955,0.0,71.3,74.3,58.0,43.5,100.0
소불고기,200.0,174.7335,19.6327,9.4905,4.6797,14.2234,63.1693,828.1511,547.409,,3.8019,1.6226,27.93,0.0,99.2,98.6,100.0,100.0,94.7
양념왕갈비,150.0,485.5065,15.036,8.352,33.7065,29.3325,44.4165,533.193,451.0845,,1.3065,3.8955,103.5,0.0,98.7,100.0,92.8,96.6,84.1
햄버거스테이크,200.0,436.752,21.35,0.0,28.052,24.924,60.602,920.262,786.996,,2.878,4.688,75.78,0.0,100.0,98.6,96.0,100.0,95.6
훈제오리,250.0,789.9625,11.8275,6.245,64.6525,38.1575,42.2625,1216.975,694.0375,,4.4975,3.4575,200.25,0.0,83.3,80.6,64.9,60.3,100.0
치킨데리야끼,340.0,692.5248,50.7296,3.641,32.192,47.3408,66.1344,865.9776,785.0432,,3.5936,6.0672,171.2512,0.0,92.9,96.5,84.8,82.8,100.0
치킨윙,100.0,219.419,9.965,2.4462,14.23,11.405,11.706,351.394,113.24,1.745,0.995,0.774,66.0,0.0,100.0,100.0,100.0,100.0,66.6
더덕구이,100.0,183.74,31.78,10.8475,5.621,5.802,37.64,745.78,326.3,3.3,2.809,0.369,0.0,0.0,95.8,96.3,100.0,100.0,78.6
양배추구이,100.0,60.933,7.621,0.842,2.651,2.711,32.208,242.337,235.389,16.3,0.723,0.583,5.5,0.0,100.0,100.0,100.0,100.0,60.1
두부구이,100.0,90.671,1.527,0.0,6.267,9.411,127.722,164.39,97.264,0.4,1.544,1.018,0.0,0.0,100.0,100.0,100.0,100.0,71.0
삼치구이,200.0,355.7061,8.4753,0.0,18.009,37.827,103.7421,797.7096,909.3168,,2.7432,2.2167,156.87,0.0,100.0,100.0,96.3,100.0,94.9
가자미전,150.0,220.464,6.684,0.0,7.1235,29.9715,59.5965,814.374,495.9795,,1.293,0.909,226.875,0.0,100.0,94.7,89.8,100.0,78.7
굴전,100.0,192.81,13.922,0.0,9.067,12.563,95.58,331.021,254.425,23.81,3.302,10.214,123.0,0.0,100.0,100.0,99.3,100.0,94.4
동태전,150.0,265.2507,11.4772,0.0,16.1404,19.867,61.9905,672.9766,379.0572,,0.7794,0.6349,134.563,0.0,100.0,99.4,98.5,100.0,68.4
해물파전,150.0,267.2312,27.6762,0.0,12.5674,12.9352,111.796,356.4263,530.4876,,6.8689,1.3558,96.8392,0.0,100.0,100.0,100.0,100.0,95.1
동그랑땡,150.0,312.4125,14.706,0.0,18.723,19.674,74.16,579.81,373.6875,,1.9965,2.1,184.275,0.0,100.0,100.0,90.8,100.0,82.9
햄부침,100.0,232.598,9.733,0.0,15.481,13.067,7.383,774.678,191.619,2.35,0.724,0.885,52.15,0.0,100.0,91.6,100.0,100.0,65.3
육전,100.0,197.098,6.724,0.299,9.514,19.582,13.139,248.684,338.324,3.4,1.964,3.561,91.5,0.0,100.0,100.0,100.0,100.0,85.1
감자전,200.0,366.1585,53.8118,0.0,13.6135,9.6691,15.2,456.5301,1343.6515,,1.9456,1.4896,0.0,0.0,98.5,100.0,100.0,100.0,75.8
고추전,150.0,261.4425,17.7765,0.747,14.8605,13.938,31.3875,359.8845,415.815,,1.8255,2.295,160.65,0.0,100.0,100.0,95.0,100.0,79.1
김치전,150.0,285.728,32.0688,0.0,12.4784,13.1728,83.952,785.6,529.6,,2.4656,1.9344,136.0,0.0,100.0,99.3,97.9,100.0,83.3
깻잎전,150.0,357.6225,16.6515,0.747,24.6405,18.297,107.6925,464.9355,503.925,,2.742,3.1635,171.375,0.0,100.0,100.0,88.5,100.0,91.1
녹두빈대떡,100.0,200.71,18.637,0.0,8.321,9.956,39.67,246.031,391.525,15.1,1.687,1.024,13.75,0.0,100.0,100.0,100.0,100.0,73.2
미나리전,150.0,215.8635,30.096,0.0,8.6325,6.087,39.09,235.647,598.8075,,3.237,0.645,28.5,0.0,100.0,100.0,100.0,100.0,83.1
배추전,150.0,241.008,32.512,0.0,10.4944,6.4096,95.904,355.976,618.44,,1.7616,1.2128,30.4,0.0,100.0,100.0,100.0,100.0,71.9
버섯전,150.0,239.6835,18.6075,0.747,12.93,11.934,38.043,307.923,291.021,,2.5425,1.4895,126.075,0.0,100.0,100.0,98.9,100.0,82.2
부추전,150.0,241.182,32.0115,0.0,9.5025,7.1415,30.765,255.1605,405.657,,2.4615,0.5175,7.125,0.0,100.0,100.0,100.0,100.0,76.5
야채전,100.0,194.94,24.971,0.0,8.78,4.946,31.17,322.923,436.235,20.51,1.301,0.624,23.75,0.0,100.0,100.0,100.0,100.0,66.5
파전,150.0,280.548,37.455,0.0,12.0375,7.7265,87.6,337.998,481.77,,1.9065,0.9,57.0,0.0,100.0,100.0,100.0,100.0,72.9
호박부침개,100.0,130.722,8.671,0.0,9.235,3.37,13.6,172.027,192.718,3.81,0.624,0.304,61.75,0.0,100.0,100.0,100.0,100.0,58.1
호박전,150.0,215.283,16.557,0.0,14.4195,6.5895,48.645,274.6305,669.087,,1.653,0.858,106.875,0.0,100.0,100.0,100.0,100.0,70.0
달걀말이,100.0,172.238,4.668,0.0,11.232,12.044,49.643,323.323,200.884,13.2,1.57,1.385,475.0,0.0,100.0,100.0,72.0,100.0,74.1
두부부침,100.0,134.88,4.288,0.0,8.755,9.922,131.042,199.833,119.91,1.46,1.644,1.07,0.0,0.0,100.0,100.0,100.0,100.0,72.3
두부전,150.0,253.89,8.078,0.0,18.025,18.655,227.92,500.528,186.62,,2.9218,1.9684,66.5,0.0,100.0,100.0,100.0,100.0,90.1
건새우볶음,20.0,69.1858,4.813,2.7026,2.2964,7.2218,259.682,193.088,105.6144,,0.6216,0.9282,74.4,0.0,100.0,100.0,100.0,100.0,61.5
낙지볶음,200.0,180.59,23.512,6.7,3.0,17.866,86.24,868.884,763.14,,2.5,3.024,135.2,0.0,100.0,100.0,98.8,100.0,88.8
멸치볶음,20.0,69.225,5.693,3.4331,2.0424,6.9704,138.086,274.096,204.094,,0.9286,0.2764,83.55,0.0,100.0,100.0,100.0,100.0,62.3
어묵볶음,150.0,281.5425,36.279,4.473,8.0835,18.0375,120.5925,1283.8275,459.18,,2.3235,1.3245,18.9,0.0,100.0,82.5,100.0,100.0,82.5
오징어볶음,200.0,243.696,27.42,9.28,6.842,20.432,94.336,1025.86,822.236,,2.878,2.478,198.0,0.0,100.0,93.4,91.6,100.0,92.0
오징어채볶음,20.0,55.7136,7.0046,1.3477,0.6852,5.394,6.232,240.964,50.886,,0.284,0.4128,50.05,0.0,100.0,100.0,100.0,100.0,56.3
주꾸미볶음,200.0,211.81,21.692,6.7,6.11,20.156,88.04,969.884,699.04,,3.67,3.32,385.6,0.0,100.0,92.6,73.4,100.0,100.0
해물볶음,400.0,420.527,36.5332,7.657,15.3178,37.4832,148.979,1647.0188,1158.848,,14.839,4.2294,376.2,0.0,100.0,70.9,74.8,100.0,100.0
감자볶음,50.0,57.803,8.23,0.498,2.5335,1.3435,10.63,219.935,254.6145,,0.3925,0.3005,0.0,0.0,100.0,100.0,100.0,100.0,54.9
김치볶음,200.0,189.97,21.828,8.964,12.134,5.288,116.21,1513.41,766.98,,2.12,1.272,0.0,0.0,93.9,79.6,100.0,100.0,73.3
깻잎나물볶음,200.0,212.392,17.328,0.2,16.372,8.032,670.52,1046.426,933.812,,5.578,1.402,5.2,0.0,100.0,97.8,100.0,100.0,92.8
느타리버섯볶음,150.0,133.3185,14.217,0.15,8.925,4.407,21.5865,625.251,530.394,,1.128,1.551,0.0,0.0,100.0,100.0,100.0,100.0,66.2
두부김치,250.0,292.42,13.84,0.0,21.315,19.1475,153.45,1033.85,740.55,,4.38,3.135,30.0,0.0,100.0,97.0,99.2,100.0,100.0
머위나물볶음,150.0,102.993,7.7055,0.0,7.953,4.3035,101.085,696.915,529.5375,,2.5605,0.4425,0.0,0.0,100.0,100.0,100.0,100.0,75.7
양송이버섯볶음,150.0,132.4215,10.554,0.0,9.7905,5.457,33.0165,520.1145,856.3845,,2.511,1.296,0.0,0.0,100.0,100.0,100.0,100.0,78.2
표고버섯볶음,150.0,143.595,14.2785,1.494,7.356,4.0095,31.77,563.5905,512.8575,,2.427,0.849,0.0,0.0,100.0,100.0,100.0,100.0,75.5
고추잡채,200.0,264.218,22.106,8.4462,12.706,12.862,54.824,850.308,561.56,,2.828,2.152,50.8,0.0,99.7,97.9,100.0,100.0,86.9
호박볶음,50.0,29.185,3.094,0.0,2.006,0.7705,10.3745,223.2785,135.054,,0.3745,0.169,0.0695,0.0,100.0,100.0,100.0,100.0,54.1
돼지고기볶음,200.0,353.132,15.33,4.75,20.936,25.746,32.862,1060.332,457.946,,3.94,4.538,84.0,0.0,100.0,87.9,100.0,100.0,100.0
돼지껍데기볶음,150.0,346.1445,22.7265,15.843,19.2285,22.3905,29.844,759.294,267.0645,,2.277,1.2405,95.4,0.0,95.1,94.1,100.0,100.0,84.4
소세지볶음,200.0,476.0403,28.8052,5.8301,33.2442,17.04,27.4562,1409.0486,495.9579,,2.4955,2.2156,56.2595,0.0,95.4,76.6,91.4,93.5,85.4
순대볶음,400.0,579.5559,70.9594,14.2912,25.6102,17.583,271.5366,1379.5474,1048.02,,8.1004,4.4314,189.9205,0.0,74.3,84.1,85.5,87.9,100.0
오리불고기,250.0,559.9316,24.4724,4.0749,34.2465,38.1608,66.0603,854.074,1004.8607,,5.8012,4.8399,124.8225,0.0,99.3,100.0,90.0,91.0,100.0
오삼불고기,200.0,356.936,21.462,7.424,20.238,23.348,77.916,870.4,634.996,,2.206,2.782,164.3,0.0,100.0,97.8,92.9,100.0,88.4
떡볶이,200.0,300.76,58.854,5.704,2.96,8.718,72.03,862.23,251.44,,1.57,1.106,6.0,0.0,94.9,91.3,100.0,100.0,71.0
라볶이,200.0,266.03,41.134,6.356,9.588,7.96,43.562,836.238,276.68,,1.726,0.588,6.9,0.0,100.0,92.0,100.0,100.0,70.7
마파두부,200.0,226.9151,10.9858,0.5681,12.0137,16.853,153.4288,647.4516,332.8401,,3.078,2.2705,19.152,0.0,100.0,100.0,100.0,100.0,91.4
가자미조림,300.0,301.29,20.337,5.994,6.903,40.701,114.12,1621.23,1153.38,,3.288,1.563,165.0,0.0,100.0,74.2,97.2,100.0,96.2
갈치조림,100.0,99.385,5.494,0.5,3.916,10.675,38.665,463.82,302.985,6.18,1.154,0.603,42.0,0.0,100.0,100.0,100.0,100.0,67.4
고등어조림,250.0,459.335,10.96,1.46,25.35,45.3725,124.9575,1177.955,1033.4125,,5.185,2.6775,170.15,0.0,100.0,89.6,90.1,100.0,100.0
꽁치조림,150.0,280.0882,8.358,1.3944,16.6656,22.5932,113.6226,679.4172,448.77,,3.3432,1.1438,67.2,0.0,100.0,100.0,100.0,100.0,93.6
동태조림,250.0,270.6125,16.77,4.995,4.0925,39.0325,148.7625,1440.175,982.825,,2.06,1.4125,211.05,0.0,100.0,80.2,91.7,100.0,85.8
북어조림,100.0,184.581,15.656,2.9064,3.035,23.884,97.103,761.39,487.86,8.05,1.805,0.551,103.95,0.0,100.0,100.0,100.0,100.0,79.6
조기조림,300.0,378.2615,14.2419,1.45,16.2632,41.4294,108.4745,1682.899,1222.7415,,3.7468,2.4302,176.61,0.0,100.0,71.7,95.0,100.0,100.0
코다리조림,100.0,146.67,4.574,0.5,5.616,18.458,42.41,433.18,324.835,3.85,0.853,0.509,77.6,0.0,100.0,100.0,100.0,100.0,68.2
달걀장조림,100.0,133.725,10.032,3.1713,6.395,8.751,45.515,636.605,267.37,15.6,1.35,1.068,308.75,0.0,100.0,94.7,76.4,100.0,69.8
메추리알장조림,100.0,205.08,7.358,2.4522,13.691,12.107,65.222,758.9,279.19,4.75,1.933,1.719,530.64,0.0,100.0,90.6,72.0,100.0,77.8
돼지고기메추리알장조림,50.0,62.969,3.14,0.8376,2.1065,7.616,11.295,555.785,153.47,,0.7335,0.86,77.3,0.0,100.0,98.2,100.0,100.0,62.5
소고기메추리알장조림,50.0,61.215,3.446,0.999,2.211,6.672,17.18,608.295,169.545,,1.7795,0.8595,70.17,0.0,100.0,96.9,100.0,100.0,71.2
고추조림,100.0,105.878,14.827,2.988,4.185,2.856,31.719,802.456,185.443,18.67,0.894,0.441,0.0,0.0,100.0,92.1,100.0,100.0,61.4
감자조림,50.0,39.013,8.4025,0.7854,0.203,1.552,9.763,265.9155,222.5195,,0.41,0.253,0.0,0.0,100.0,100.0,100.0,100.0,55.0
우엉조림,30.0,68.496,15.5052,7.6111,0.3285,1.0971,15.6213,242.2806,106.8468,,0.321,0.2367,0.0,0.0,97.7,100.0,100.0,100.0,54.0
알감자조림,50.0,56.226,10.4805,1.5667,1.2635,1.3835,13.1045,241.732,214.524,,0.819,0.2795,0.0,0.0,100.0,100.0,100.0,100.0,58.6
(검은)콩조림,20.0,56.832,6.9838,2.9153,2.0858,3.8488,24.801,102.853,33.393,,0.8756,0.312,0.0,0.0,100.0,100.0,100.0,100.0,60.4
콩조림,20.0,59.222,7.7546,2.9153,1.9389,3.5661,14.384,234.701,128.364,,0.8679,0.4281,0.0,0.0,100.0,100.0,100.0,100.0,60.5
두부고추장조림,50.0,67.1415,4.0255,1.89,3.998,5.137,69.9085,199.2275,79.705,,0.961,0.5765,0.0,0.0,100.0,100.0,100.0,100.0,62.5
땅콩조림,20.0,80.4188,6.5448,3.2709,5.1148,2.9102,14.627,154.246,90.949,,0.5824,0.715,0.0,0.0,100.0,100.0,100.0,100.0,58.5
미꾸라지튀김,100.0,382.13,30.57,0.0,22.541,12.687,342.025,323.256,192.595,11.2,4.4,1.643,121.3,0.0,100.0,100.0,94.8,100.0,96.3
새우튀김,100.0,311.256,21.828,0.0,19.643,11.827,39.881,553.887,183.428,5.95,1.079,0.909,165.9,0.0,100.0,98.4,91.2,100.0,68.1
생선가스,200.0,646.2112,57.3754,0.0,37.0906,24.5016,34.1632,817.2735,229.9485,,1.9516,1.4309,176.3,0.0,88.5,88.4,81.1,81.0,83.1
쥐포튀김,100.0,353.33,37.99,0.0,16.541,11.207,26.865,423.7992,145.28,13.7,1.002,0.476,75.64,0.0,100.0,100.0,100.0,100.0,66.3
오징어튀김,100.0,308.426,26.016,0.0,16.496,13.459,21.981,361.571,186.938,22.22,0.741,0.99,133.0,0.0,100.0,100.0,97.3,100.0,67.0
닭강정,100.0,323.251,24.21,1.7421,15.563,18.335,18.976,413.137,104.223,5.75,1.371,2.001,107.5,0.0,100.0,100.0,100.0,100.0,76.8
닭튀김,300.0,909.8054,45.9186,0.0,52.3421,54.5461,94.7459,1150.1313,512.2792,,5.4462,6.0813,380.625,0.0,80.8,74.8,45.9,53.4,100.0
돈가스,200.0,620.6445,36.556,0.0,39.1172,27.778,31.3595,557.0933,685.786,,2.2021,3.0419,138.339,0.0,95.3,100.0,85.0,82.6,91.2
모래집튀김,150.0,457.345,31.8612,0.0,25.8944,22.2894,72.275,297.01,459.0222,,1.4672,0.861,137.648,0.0,100.0,100.0,92.4,100.0,76.3
양념치킨,200.0,567.582,38.84,12.364,31.146,30.466,51.002,777.856,381.256,,3.348,3.524,259.0,0.0,93.0,92.5,75.8,91.2,100.0
치즈돈가스,250.0,758.496,45.4848,0.0,46.1472,36.0192,72.78,855.0456,569.976,,2.5104,3.6048,146.4,0.0,88.5,93.3,77.6,68.5,95.0
치킨가스,200.0,582.008,51.2753,0.0,28.6444,31.0327,32.6477,748.7311,384.2636,,2.0254,2.0235,113.297,0.0,97.8,96.7,94.9,93.2,88.1
탕수육,200.0,454.4382,56.4889,1.8981,16.587,17.062,36.4382,403.256,468.9466,,2.1223,1.6758,76.475,0.0,99.1,100.0,100.0,100.0,81.6
깐풍기,200.0,585.076,43.362,13.944,33.34,27.796,41.022,629.272,523.54,,2.734,1.93,173.0,0.0,89.5,100.0,84.4,86.8,93.0
감자튀김,150.0,462.105,50.1,0.0,25.7625,6.24,10.32,374.2185,344.2425,,1.4265,0.459,0.0,0.0,97.0,100.0,94.3,96.0,66.8
고구마맛탕,200.0,490.9275,90.1908,1.4307,13.5324,3.3033,108.3348,213.3306,587.223,,3.6099,1.1319,0.0,0.0,78.7,100.0,100.0,94.2,86.3
고구마튀김,100.0,241.566,34.1,0.0,10.796,3.205,20.693,150.639,298.574,18.1,0.63,0.305,19.0,0.0,100.0,100.0,100.0,100.0,58.8
고추튀김,100.0,198.346,12.74,0.0,13.625,6.482,23.391,260.651,147.678,12.92,0.903,0.695,190.0,0.0,100.0,100.0,90.3,100.0,63.6
김말이튀김,100.0,240.562,32.486,0.0,12.38,2.248,28.85,393.022,123.57,0.64,1.279,0.218,0.0,0.0,100.0,100.0,100.0,100.0,62.9
채소튀김,100.0,311.99,36.349,0.0,18.532,3.013,33.33,277.28,274.17,11.29,0.519,0.326,0.0,0.0,100.0,100.0,98.3,100.0,57.5
노각무침,150.0,81.354,16.434,5.0865,2.0745,3.0855,38.8185,822.0975,573.201,,1.6665,0.8085,0.0,0.0,100.0,98.7,100.0,100.0,68.3
단무지무침,50.0,19.188,3.2155,0.974,0.9105,0.467,17.335,447.862,87.6395,,0.3735,0.169,0.0,0.0,100.0,100.0,100.0,100.0,54.0
달래나물무침,150.0,132.687,25.2555,13.536,3.3045,4.7715,119.646,852.993,554.058,,2.592,1.2015,0.0,0.0,92.5,99.3,100.0,99.6,78.3
더덕무침,150.0,220.8915,48.4395,31.5435,2.7405,4.89,35.7975,1203.5835,286.305,,2.49,0.3135,0.0,0.0,71.2,79.4,98.5,89.3,74.5
도라지생채,150.0,165.225,38.5905,2.997,1.71,4.146,75.06,789.078,725.8575,,6.405,0.396,0.0,0.0,100.0,100.0,100.0,100.0,88.1
도토리묵,100.0,43.046,9.87,1.399,0.346,0.398,8.817,116.473,41.835,1.205,0.462,0.12,0.0,0.0,100.0,100.0,100.0,100.0,54.6
마늘쫑무침,30.0,38.1177,9.3513,3.2781,0.2799,0.9843,9.2316,423.4554,95.6103,,0.3405,0.3774,0.0,0.0,100.0,100.0,100.0,100.0,54.5
무생채,150.0,73.68,16.0035,4.4955,1.2795,2.634,73.92,832.188,478.515,,1.779,0.7785,1.68,0.0,100.0,97.2,100.0,100.0,69.0
무말랭이,30.0,39.8895,9.6324,1.0326,0.3426,1.3629,35.8197,378.7764,252.6768,,0.9516,0.1752,0.0402,0.0,100.0,100.0,100.0,100.0,59.5
오이생채,50.0,23.3555,4.6255,1.515,0.496,0.885,14.8245,269.314,147.1285,,0.4445,0.2045,0.0,0.0,100.0,100.0,100.0,100.0,54.9
파무침,150.0,124.296,19.4745,8.367,5.406,3.8175,146.019,693.834,377.298,,2.388,0.4125,10.05,0.0,97.7,100.0,100.0,100.0,73.9
상추겉절이,200.0,130.62,17.988,1.998,6.246,5.648,136.84,952.32,850.54,,3.272,1.178,5.36,0.0,100.0,99.4,100.0,100.0,84.6
쑥갓나물무침,150.0,94.857,8.784,0.0,6.5055,5.4855,69.1725,700.1205,453.7485,,2.8695,0.4425,0.0,0.0,100.0,100.0,100.0,100.0,79.0
청포묵무침,250.0,157.61,19.675,13.7375,4.225,2.955,67.0375,756.74,334.025,,1.9375,0.7425,2.35,0.0,92.1,96.6,100.0,98.8,70.4
해파리냉채,150.0,87.285,13.827,7.4925,1.545,6.6315,69.36,490.128,360.6,,5.346,0.984,17.625,0.0,99.3,100.0,100.0,100.0,90.9
가지나물,50.0,21.873,3.031,0.0,1.272,0.732,11.318,159.1745,125.287,,0.335,0.1435,0.0,0.0,100.0,100.0,100.0,100.0,53.7
고사리나물,50.0,43.508,3.799,0.0,3.2625,1.9655,20.348,251.53,302.39,,1.811,0.9375,0.0,0.0,100.0,100.0,100.0,100.0,69.3
도라지나물,50.0,54.675,5.335,0.0,3.819,0.6695,15.1,256.6675,104.9675,,0.9145,0.08,0.0,0.0,100.0,100.0,100.0,100.0,58.5
무나물,50.0,34.575,3.042,0.0,2.563,0.5755,18.045,293.5195,143.4275,,0.464,0.203,0.0,0.0,100.0,100.0,100.0,100.0,54.9
미나리나물,50.0,28.3435,2.5595,0.0,2.138,0.99,18.45,165.524,239.042,,1.1565,0.1935,0.0,0.0,100.0,100.0,100.0,100.0,61.1
숙주나물,50.0,19.509,1.559,0.0,1.347,1.312,10.11,186.733,85.4735,,0.3765,0.1895,0.0,0.0,100.0,100.0,100.0,100.0,54.5
시금치나물,50.0,37.511,3.815,0.0,2.3685,2.069,37.585,217.2565,311.2615,,1.765,0.4035,0.0,0.0,100.0,100.0,100.0,100.0,67.6
취나물,50.0,72.944,3.4555,0.0,6.7145,1.5965,58.384,288.6495,222.9795,,1.091,0.0295,0.0,0.0,100.0,100.0,100.0,100.0,60.4
콩나물,50.0,24.129,1.145,0.0,1.979,1.6395,12.78,203.4965,78.364,,0.4315,0.2285,0.0,0.0,100.0,100.0,100.0,100.0,55.2
고구마줄기나물,50.0,30.439,2.9685,0.0,2.2385,0.6285,28.194,255.7095,73.7735,,0.9105,0.1795,0.0,0.0,100.0,100.0,100.0,100.0,58.8
우거지나물무침,150.0,126.114,10.2825,1.4985,8.661,5.076,512.9985,774.5475,94.1145,,21.903,0.4455,0.0,0.0,100.0,94.1,100.0,100.0,88.7
골뱅이무침,100.0,107.348,15.558,6.06,2.298,7.905,40.48,515.92,346.35,4.94,1.441,0.875,45.56,0.0,100.0,100.0,100.0,100.0,69.1
김무침,30.0,81.0114,12.1881,6.9321,4.1247,4.7094,45.435,498.6339,413.5659,,2.1609,0.5748,0.0,0.0,99.3,100.0,100.0,100.0,72.8
미역초무침,50.0,24.936,5.6985,3.996,0.54,1.0715,47.268,285.8,236.752,,0.403,0.118,0.0,0.0,100.0,100.0,100.0,100.0,54.4
북어채무침,150.0,332.052,31.332,18.0246,5.803,37.366,245.105,1048.53,782.642,,2.576,0.8862,108.57,0.0,93.7,97.5,100.0,100.0,89.9
회무침,300.0,311.5872,42.8792,26.412,4.2563,27.1777,200.0957,1253.2525,955.8385,,4.3772,1.6802,61.38,0.0,83.6,90.7,100.0,99.7,100.0
쥐치채,20.0,53.387,10.1772,6.6036,0.198,2.7684,14.289,289.4502,78.511,,0.299,0.1222,5.928,0.0,99.1,100.0,100.0,100.0,54.3
파래무침,30.0,31.5855,5.4291,0.8991,0.6897,2.3397,64.5375,252.045,74.493,,1.7079,0.147,0.0,0.0,100.0,100.0,100.0,100.0,66.5
홍어무침,200.0,193.138,24.898,9.434,2.274,21.64,337.432,817.424,842.66,,3.474,1.26,79.2,0.0,100.0,100.0,100.0,100.0,94.6
골뱅이국수무침,230.0,256.4163,39.6333,0.0,7.0146,10.5246,97.5753,911.7441,492.5772,,2.8431,1.2285,39.9789,0.0,100.0,95.4,100.0,100.0,83.4
오징어무침,200.0,249.525,13.5522,0.0,4.1904,38.6676,78.579,682.389,660.141,,1.8594,3.4038,430.92,0.0,100.0,100.0,75.0,100.0,89.3
잡채,150.0,198.8235,37.4745,2.988,4.701,2.5935,50.133,664.7505,294.12,,2.907,0.483,14.25,0.0,100.0,98.5,100.0,100.0,78.0
탕평채,100.0,101.194,10.196,6.993,3.113,3.529,38.802,247.419,269.971,6.26,1.234,0.821,4.95,0.0,99.2,100.0,100.0,100.0,65.1
갓김치,50.0,27.6355,5.2115,0.4235,0.7015,1.9825,83.1885,447.774,222.8085,,1.3185,0.4815,3.507,0.0,100.0,100.0,100.0,100.0,63.8
고들빼기,50.0,55.3875,11.994,0.0,0.564,2.206,37.3815,733.749,177.8415,,1.8045,0.373,0.545,0.0,100.0,93.3,100.0,100.0,67.9
깍두기,50.0,17.988,3.945,0.05,0.227,0.9975,19.159,338.876,148.046,,0.5565,0.144,4.065,0.0,100.0,100.0,100.0,100.0,55.8
깻잎김치,150.0,124.4925,23.2665,2.988,3.1605,6.096,131.9925,1907.6415,752.0925,,3.009,1.269,29.661,0.0,96.6,66.5,100.0,100.0,79.8
나박김치,100.0,14.746,2.255,0.01,0.42,0.63,12.544,509.472,77.831,0.026,0.357,0.077,0.0,0.0,100.0,98.2,100.0,100.0,53.6
동치미,400.0,57.692,14.26,0.0,0.64,2.696,43.02,2313.584,438.216,,1.388,0.292,0.0,0.0,95.7,55.5,100.0,100.0,59.6
배추겉절이,50.0,21.239,4.4845,0.996,0.503,0.9405,21.8445,325.406,182.3595,,0.476,0.31,1.34,0.0,100.0,100.0,100.0,100.0,55.5
배추김치,50.0,18.4315,4.155,0.498,0.2975,1.145,35.845,309.5255,207.1355,,0.634,0.322,3.4065,0.0,100.0,100.0,100.0,100.0,57.0
백김치,50.0,19.8035,4.3755,0.0,0.2645,0.798,22.878,211.718,153.4155,,0.432,0.244,0.0415,0.0,100.0,100.0,100.0,100.0,54.8
부추김치,50.0,32.9105,6.2875,3.486,0.5695,1.875,13.9275,399.378,228.6625,,1.2785,0.189,0.0,0.0,100.0,100.0,100.0,100.0,62.6
열무김치,50.0,16.285,3.1555,1.195,0.3485,1.343,64.553,308.349,411.845,,1.3915,0.131,0.0,0.0,100.0,100.0,100.0,100.0,63.2
열무얼갈이김치,50.0,16.57,3.0255,0.0,0.4035,1.269,47.906,344.201,176.996,,0.84,0.205,4.198,0.0,100.0,100.0,100.0,100.0,58.5
오이소박이,50.0,16.6675,2.9565,1.195,0.532,0.9425,22.3365,276.1935,184.8785,,0.5355,0.1935,1.452,0.0,100.0,100.0,100.0,100.0,55.7
총각김치,50.0,17.5645,3.436,0.0,0.369,1.03,50.192,347.1705,168.107,,0.881,0.192,4.434,0.0,100.0,100.0,100.0,100.0,58.7
파김치,50.0,28.005,5.472,0.996,0.702,1.5545,46.634,395.865,179.119,,0.82,0.337,4.69,0.0,100.0,100.0,100.0,100.0,58.9
간장게장,250.0,292.7025,13.885,0.1702,2.0875,32.665,267.1175,3075.5325,1137.6925,,7.55,8.41,223.125,0.0,100.0,61.9,90.2,100.0,100.0
마늘쫑장아찌,50.0,28.2695,6.1875,2.3475,0.13,1.045,8.3905,778.6005,105.688,,0.33,0.341,0.0,0.0,100.0,89.5,100.0,100.0,54.3
고추장아찌,30.0,22.356,4.1814,2.997,0.0882,0.8034,4.752,787.299,83.334,,0.2184,0.1437,0.0,0.0,100.0,88.6,100.0,100.0,52.7
깻잎장아찌,30.0,33.6351,7.8723,2.7817,0.3576,2.1138,84.1689,568.7526,220.7874,,1.0065,0.4329,0.627,0.0,100.0,100.0,100.0,100.0,61.0
마늘장아찌,30.0,16.0554,3.0663,0.2997,0.0204,0.7872,1.7421,481.749,64.2693,,0.1221,0.1293,0.0,0.0,100.0,98.6,100.0,100.0,51.8
무장아찌,30.0,27.3372,5.3146,3.2967,0.2607,0.5669,15.6215,933.2822,106.0184,,0.3208,0.1521,0.0,0.0,99.5,84.3,100.0,100.0,53.5
양념게장,200.0,275.554,46.33,26.52,2.058,20.41,165.872,1747.844,792.52,,5.252,5.228,134.4,0.0,78.6,72.0,97.6,97.4,100.0
양파장아찌,50.0,19.715,3.5385,1.4985,0.05,0.577,5.05,423.605,63.335,,0.179,0.127,0.0,0.0,100.0,100.0,100.0,100.0,52.2
오이지,50.0,11.44,2.392,0.0,0.312,1.144,30.22,925.9975,328.1925,,0.6295,0.315,0.0,0.0,99.7,89.7,100.0,100.0,56.9
무피클,50.0,17.0,4.192,1.992,0.052,0.404,13.08,6.6,108.32,,0.352,0.1515,0.0,0.0,100.0,100.0,100.0,100.0,53.7
오이피클,50.0,54.0,14.642,1.992,0.152,0.304,15.08,333.6,27.32,,0.502,0.0515,0.0,0.0,100.0,100.0,100.0,100.0,54.7
단무지,30.0,3.9042,0.6641,0.2299,0.1632,0.1129,5.1963,173.5504,16.0789,,0.0936,0.0362,0.0,0.0,100.0,100.0,100.0,100.0,51.0
오징어젓갈,10.0,6.826,0.2936,0.0,0.0977,1.2384,2.396,179.109,27.041,2.066,0.066,0.1097,13.68,0.0,100.0,100.0,100.0,100.0,51.6
명란젓,10.0,12.0,0.27,0.0,0.3,2.05,2.8,353.1,41.0,0.0,0.12,0.195,35.0,0.0,100.0,100.0,100.0,100.0,52.6
생연어,100.0,110.29,1.002,0.0,1.938,20.908,26.91,213.06,349.6,0.8,1.255,0.562,60.0,0.0,100.0,100.0,100.0,100.0,73.0
생선물회,800.0,575.0052,81.4548,29.3748,14.1288,36.7668,267.8508,2986.2336,1560.1824,,8.1732,2.8896,0.756,0.0,57.6,65.0,100.0,87.3,100.0
광어회,100.0,116.2,9.34,5.46,1.36,17.2,46.6,754.4,382.0,0.0,1.54,0.402,74.96,0.0,100.0,97.2,100.0,100.0,73.1
훈제연어,100.0,169.0,9.34,5.46,6.16,19.28,20.2,1260.8,218.8,0.0,0.9,0.61,141.6,0.0,100.0,74.6,98.2,100.0,68.9
육회,150.0,236.556,15.9465,7.0425,8.049,25.032,45.8115,433.4235,608.349,,3.048,4.7715,57.75,0.0,100.0,100.0,100.0,100.0,97.2
육사시미,150.0,203.55,6.96,4.095,6.075,29.28,30.15,888.03,541.8,0.0,7.947,3.6414,63.45,0.0,100.0,95.6,100.0,100.0,100.0
가래떡,100.0,205.042,45.045,0.0,0.325,3.52,2.46,254.681,90.528,0.0,0.221,0.826,0.0,0.0,100.0,100.0,100.0,100.0,55.9
경단,100.0,303.79,67.042,0.0,0.538,6.584,17.87,186.364,99.273,0.0,1.573,1.4,0.0,0.0,91.6,100.0,100.0,100.0,70.8
꿀떡,100.0,225.916,50.356,9.5805,0.761,3.236,7.104,251.339,83.74,0.1,0.3,0.778,0.0,0.0,93.8,100.0,100.0,100.0,56.3
시루떡,100.0,223.62,49.029,5.994,0.275,5.5,16.63,278.948,212.643,0.0,1.11,1.35,0.0,0.0,98.6,100.0,100.0,100.0,66.1
메밀전병,100.0,166.141,24.821,0.0,5.496,5.792,37.041,340.662,274.485,69.819,1.409,0.973,0.0,0.0,100.0,100.0,100.0,100.0,71.3
찰떡,100.0,216.185,44.876,5.495,1.24,5.807,15.185,236.819,151.4,9.89,1.612,1.51,0.0,0.0,100.0,100.0,100.0,100.0,71.5
무지개떡,100.0,218.18,48.698,6.993,0.865,4.004,26.73,277.709,115.005,0.0,0.476,1.015,0.0,0.0,97.4,100.0,100.0,100.0,58.9
백설기,100.0,218.82,48.195,11.988,0.792,4.044,10.82,296.946,96.9,4.2,0.548,0.752,0.0,0.0,92.8,100.0,100.0,100.0,59.0
송편,100.0,234.899,46.821,1.5163,2.698,4.17,45.979,236.545,67.894,19.97,1.132,0.574,0.0,0.0,100.0,100.0,100.0,100.0,64.5
수수부꾸미,100.0,258.99,46.151,2.997,5.668,5.498,6.37,270.036,162.45,0.0,1.051,1.33,0.0,0.0,100.0,100.0,100.0,100.0,65.5
수수팥떡,100.0,212.73,45.17,0.999,0.678,5.98,7.49,236.379,182.035,0.0,1.125,1.404,0.0,0.0,100.0,100.0,100.0,100.0,66.6
쑥떡,100.0,238.06,54.64,9.99,0.45,4.531,65.2,256.148,343.623,17.5,1.593,0.553,0.0,0.0,92.5,100.0,100.0,100.0,68.6
약식,100.0,232.213,48.882,7.992,2.27,3.827,12.885,290.644,142.123,12.105,2.533,1.304,0.159,0.0,96.7,100.0,100.0,100.0,78.2
인절미,100.0,214.46,42.554,0.0,1.764,6.401,15.035,337.74,232.64,11.27,1.86,1.587,0.0,0.0,100.0,100.0,100.0,100.0,74.3
절편,100.0,197.812,44.074,4.995,0.35,3.06,2.503,266.77,79.458,0.0,0.217,0.718,0.0,0.0,100.0,100.0,100.0,100.0,55.3
증편,100.0,198.693,44.216,15.984,0.342,2.536,6.836,259.038,61.003,0.0,0.234,0.564,0.0,0.0,89.7,100.0,100.0,97.4,54.8
찹쌀떡,100.0,264.74,62.076,13.986,0.231,3.409,15.68,226.381,86.783,7.705,1.455,1.13,0.0,0.0,84.4,100.0,100.0,98.9,67.8
매작과,30.0,121.4775,19.0629,0.0,3.5703,2.5542,3.324,31.0458,42.3855,,0.4281,0.1284,0.0,0.0,100.0,100.0,100.0,100.0,55.4
다식,30.0,105.1665,20.8107,6.4557,1.7286,3.5463,1.4274,3.849,206.7144,,0.5175,0.0411,0.0,0.0,99.5,100.0,100.0,100.0,56.4
약과,30.0,113.8494,22.1832,2.1519,1.2387,2.574,4.449,16.4598,59.4219,,0.5661,0.1431,0.0,0.0,100.0,100.0,100.0,100.0,56.6
유과,30.0,129.06,24.1365,1.1209,3.504,0.3609,1.2084,7.0554,0.0285,,0.24,0.1968,0.0,0.0,100.0,100.0,100.0,100.0,52.8
산자,30.0,121.6985,24.702,10.6328,1.1966,0.9103,2.0016,8.0126,60.9266,,0.4053,0.2719,0.0,0.0,94.6,100.0,100.0,99.9,54.7
깨강정,30.0,150.3,13.62,0.0,9.87,4.5,156.0,24.3,67.5,0.0,1.38,2.13,0.0,0.0,100.0,100.0,100.0,100.0,70.0
